key,type,title,first_author,all_authors,year,venue,volume,number,pages,doi,eprint,category,concepts,has_pdf,pdf_path,cited_count
Festinger1959,article,Cognitive consequences of forced compliance.,"Festinger, Leon","Festinger, Leon; Carlsmith, James M.",1959,The Journal of Abnormal and Social Psychology,58,2,203--210,10.1037/h0041593,,paper2_ewa,paper2_ewa; motivated_beliefs,true,defense_project\reference_materials\papers_originals\paper2_ewa\Festinger1959.pdf,2
Edwards1965,article,"Optimal Strategies for Seeking Information: Models for Statistics, Choice Reaction Times, and Human Information Processing","Edwards, Ward","Edwards, Ward",1965,Journal of Mathematical Psychology,2,2,312--329,10.1016/0022-2496(65)90007-6,,information_acquisition,information_seeking; optimal_strategy; urn_experiment,false,,1
Edwards1968,incollection,Conservatism in Human Information Processing,"Edwards, Ward","Edwards, Ward",1968,Formal Representation of Human Judgment,,,,,,newly_added_candidates,conservatism; information_processing,false,,0
KahnemanTversky1973,article,On the Psychology of Prediction,"Kahneman, Daniel","Kahneman, Daniel; Tversky, Amos",1973,Psychological Review,80,4,237--251,10.1037/h0034747,,newly_added_candidates,prediction_psychology; intuitive_forecast; calibration,false,,0
DeGroot1974,article,Reaching a Consensus,"DeGroot, Morris H.","DeGroot, Morris H.",1974,Journal of the American Statistical Association,69,345,118--121,10.1080/01621459.1974.10480137,,opinion_dynamics_abm,consensus; opinion_averaging; social_influence,false,,0
Langer1975,article,The Illusion of Control,"Langer, Ellen J.","Langer, Ellen J.",1975,Journal of Personality and Social Psychology,32,2,311--328,10.1037/h0076863,,overconfidence_control,illusion_of_control; perceived_control; choice_familiarity,false,,0
MillerRoss1975,article,Self-Serving Biases in the Attribution of Causality: Fact or Fiction?,"Miller, Dale T.","Miller, Dale T.; Ross, Michael",1975,Psychological Bulletin,82,2,213--225,10.1037/h0076486,,self_serving_attribution,self_serving_bias; attribution; success_failure_asymmetry; self_protection,false,,0
Bradley1978,article,Self-Serving Biases in the Attribution Process: A Reexamination of the Fact or Fiction Question,"Bradley, Gifford W.","Bradley, Gifford W.",1978,Journal of Personality and Social Psychology,36,1,56--71,10.1037/0022-3514.36.1.56,,self_serving_attribution,self_serving_attribution; success_failure_asymmetry; defensive_attribution,false,,0
LordRossLepper1979,article,Biased Assimilation and Attitude Polarization: The Effects of Prior Theories on Subsequently Considered Evidence,"Lord, Charles G.","Lord, Charles G.; Ross, Lee; Lepper, Mark R.",1979,Journal of Personality and Social Psychology,37,11,2098--2109,10.1037/0022-3514.37.11.2098,,information_acquisition,biased_assimilation; attitude_polarization; prior_beliefs,false,,1
Grether1980,article,Bayes Rule as a Descriptive Model: The Representativeness Heuristic,"Grether, David M.","Grether, David M.",1980,The Quarterly Journal of Economics,95,3,537--557,10.2307/1885092,,newly_added_candidates,bayes_rule_descriptive; representativeness_heuristic,false,,0
Grossman1981,article,The Informational Role of Warranties and Private Disclosure about Product Quality,"Grossman, Sanford J.","Grossman, Sanford J.",1981,The Journal of Law and Economics,24,3,461--483,10.1086/466995,,paper2_ewa,paper2_ewa; disclosure_governance,false,,1
Milgrom1981,article,Good News and Bad News: Representation Theorems and Applications,"Milgrom, Paul R.","Milgrom, Paul R.",1981,The Bell Journal of Economics,12,2,380,10.2307/3003562,,paper2_ewa,paper2_ewa; disclosure_governance,false,,1
StasserTitus1985,article,Pooling of Unshared Information in Group Decision Making: Biased Information Sampling during Discussion,"Stasser, Garold","Stasser, Garold; Titus, William",1985,Journal of Personality and Social Psychology,48,6,1467--1478,10.1037/0022-3514.48.6.1467,,collective_intelligence_homogeneity,hidden_profile; shared_information_bias; group_decision_making,false,,0
Weiner1985,article,An Attributional Theory of Achievement Motivation and Emotion,"Weiner, Bernard","Weiner, Bernard",1985,Psychological Review,92,4,548--573,10.1037/0033-295X.92.4.548,,self_serving_attribution,attribution_theory; locus_stability_controllability; achievement_motivation,false,,0
Kunda1990,article,The case for motivated reasoning.,"Kunda, Ziva","Kunda, Ziva",1990,Psychological Bulletin,108,3,480--498,10.1037/0033-2909.108.3.480,,paper2_ewa,paper2_ewa; motivated_beliefs,false,,5
PayneBettmanJohnson1993,book,The Adaptive Decision Maker,"Payne, John W.","Payne, John W.; Bettman, James R.; Johnson, Eric J.",1993,Cambridge University Press,,,,,,information_acquisition,adaptive_decision_maker; judgment_strategies; decision_process,false,,2
Mayer1995,article,An Integrative Model of Organizational Trust,"Mayer, Roger C.","Mayer, Roger C.; Davis, James H.; Schoorman, F. David",1995,The Academy of Management Review,20,3,709,10.5465/amr.1995.9508080335,,paper2_ewa,paper2_ewa; trust_calibration_foundations,false,,5
SniezekBuckley1995,article,Cueing and Cognitive Conflict in Judge-Advisor Decision Making,"Sniezek, Janet A.","Sniezek, Janet A.; Buckley, Timothy",1995,Organizational Behavior and Human Decision Processes,62,2,159--174,10.1006/obhd.1995.1040,,advice_taking,judge_advisor_system; cognitive_conflict; advice_cueing; role_differentiation,false,,0
ReevesNass1996,book,"The Media Equation: How People Treat Computers, Television, and New Media Like Real People and Places","Reeves, Byron","Reeves, Byron; Nass, Clifford",1996,CSLI Publications and Cambridge University Press,,,,,,algorithms_trust_hci,CASA; media_equation; human_computer_interaction,false,,2
HarveyFischer1997,article,"Taking Advice: Accepting Help, Improving Judgment, and Sharing Responsibility","Harvey, Nigel","Harvey, Nigel; Fischer, Ilan",1997,Organizational Behavior and Human Decision Processes,70,2,117--133,10.1006/obhd.1997.2703,,advice_taking,advice_taking; judgment_improvement; responsibility_sharing; weight_of_advice,false,,0
ParasuramanRiley1997,article,"Humans and Automation: Use, Misuse, Disuse, Abuse","Parasuraman, Raja","Parasuraman, Raja; Riley, Victor",1997,Human Factors,39,2,230--253,10.1518/001872097778543886,,algorithms_trust_hci,automation_use_abuse; automation_paradox; human_factors,false,,1
ResnickVarian1997,article,Recommender Systems,"Resnick, Paul","Resnick, Paul; Varian, Hal R.",1997,Communications of the ACM,40,3,56--58,10.1145/245108.245121,,recommender_genai,recommender_systems; collaborative_filtering; information_filtering,false,,2
Nickerson1998,article,Confirmation Bias: A Ubiquitous Phenomenon in Many Guises,"Nickerson, Raymond S.","Nickerson, Raymond S.",1998,Review of General Psychology,2,2,175--220,10.1037/1089-2680.2.2.175,,information_acquisition,confirmation_bias; belief_persistence,false,,1
ThompsonArmstrongThomas1998,article,"Illusions of Control, Underestimations, and Accuracy: A Control Heuristic Explanation","Thompson, Suzanne C.","Thompson, Suzanne C.; Armstrong, Wade; Thomas, Craig",1998,Psychological Bulletin,123,2,143--161,10.1037/0033-2909.123.2.143,,overconfidence_control,illusion_of_control; control_heuristic; intentionality_connection,false,,0
Camerer1999,article,Experience-weighted Attraction Learning in Normal Form Games,"Camerer, Colin","Camerer, Colin; Hua Ho, Teck",1999,Econometrica,67,4,827--874,10.1111/1468-0262.00054,,paper2_ewa,paper2_ewa; dynamic_learning_ewa,true,defense_project\reference_materials\papers_originals\paper2_ewa\Camerer1999.pdf,2
CampbellSedikides1999,article,Self-Threat Magnifies the Self-Serving Bias: A Meta-Analytic Integration,"Campbell, W. Keith","Campbell, W. Keith; Sedikides, Constantine",1999,Review of General Psychology,3,1,23--43,10.1037/1089-2680.3.1.23,,self_serving_attribution,self_threat; self_serving_bias; meta_analysis,false,,0
LernerTetlock1999,article,Accounting for the Effects of Accountability,"Lerner, Jennifer S.","Lerner, Jennifer S.; Tetlock, Philip E.",1999,Psychological Bulletin,125,2,255--275,10.1037/0033-2909.125.2.255,,accountability_delegation,,false,,0
PirolliCard1999,article,Information Foraging,"Pirolli, Peter","Pirolli, Peter; Card, Stuart",1999,Psychological Review,106,4,643--675,10.1037/0033-295X.106.4.643,,opinion_dynamics_abm,information_foraging; search_behavior; information_scent,false,,0
RabinSchrag1999,article,First Impressions Matter: A Model of Confirmatory Bias,"Rabin, Matthew","Rabin, Matthew; Schrag, Joel L.",1999,The Quarterly Journal of Economics,114,1,37--82,10.1162/003355399555945,,newly_added_candidates,first_impressions; confirmatory_bias; belief_formation,false,,0
GreenBrock2000,article,The Role of Transportation in the Persuasiveness of Public Narratives,"Green, Melanie C.","Green, Melanie C.; Brock, Timothy C.",2000,Journal of Personality and Social Psychology,79,5,701--721,10.1037/0022-3514.79.5.701,,narrative_epistemic,narrative_transportation; persuasion; narrative_belief,false,,1
NassMoon2000,article,Machines and Mindlessness: Social Responses to Computers,"Nass, Clifford","Nass, Clifford; Moon, Youngme",2000,Journal of Social Issues,56,1,81--103,10.1111/0022-4537.00153,,algorithms_trust_hci,mindlessness; social_response_to_computers,false,,2
SundarNass2000,article,"Source Orientation in Human-Computer Interaction: Programmer, Networker, or Independent Social Actor?","Sundar, S. Shyam","Sundar, S. Shyam; Nass, Clifford",2000,Communication Research,27,6,683--703,10.1177/009365000027006001,,algorithms_trust_hci,source_orientation; HCI; social_actor,false,,0
YanivKleinberger2000,article,Advice Taking in Decision Making: Egocentric Discounting and Reputation Formation,"Yaniv, Ilan","Yaniv, Ilan; Kleinberger, E.",2000,Organizational Behavior and Human Decision Processes,83,2,260--281,10.1006/obhd.2000.2909,,advice_taking,advice_taking; egocentric_discounting; advisor_reputation; judge_advisor_paradigm,false,,0
Bonner2002,article,"The effects of monetary incentives on effort and task performance: theories, evidence, and a framework for research","Bonner, Sarah E","Bonner, Sarah E; Sprinkle, Geoffrey B",2002,"Accounting, Organizations and Society",27,4-5,303--345,10.1016/S0361-3682(01)00052-6,,paper2_ewa,paper2_ewa; feedback_performance_incentives,false,,2
HegselmannKrause2002,article,"Opinion Dynamics and Bounded Confidence Models, Analysis, and Simulation","Hegselmann, Rainer","Hegselmann, Rainer; Krause, Ulrich",2002,Journal of Artificial Societies and Social Simulation,5,3,2,,,opinion_dynamics_abm,bounded_confidence; opinion_dynamics; agent_based_model,true,,0
Goodie2003,article,The Effects of Control on Betting: Paradoxical Betting on Items of High Confidence with Low Value,"Goodie, Adam S.","Goodie, Adam S.",2003,"Journal of Experimental Psychology: Learning, Memory, and Cognition",29,4,598--610,10.1037/0278-7393.29.4.598,,overconfidence_control,control; betting; calibration; decision_value,false,,0
Sims2003,article,Implications of Rational Inattention,"Sims, Christopher A.","Sims, Christopher A.",2003,Journal of Monetary Economics,50,3,665--690,10.1016/S0304-3932(03)00029-1,,information_acquisition,rational_inattention; information_cost; entropy,false,,1
Sprinkle2003,article,Perspectives on experimental research in managerial accounting,"Sprinkle, Geoffrey B","Sprinkle, Geoffrey B",2003,"Accounting, Organizations and Society",28,2-3,287--318,10.1016/S0361-3682(01)00058-7,,paper2_ewa,paper2_ewa; feedback_performance_incentives,false,,2
Epley2004,article,Egocentric Ethics,"Epley, Nicholas","Epley, Nicholas; Caruso, Eugene M.",2004,Social Justice Research,17,2,171--187,10.1023/B:SORE.0000027408.72713.45,,paper2_ewa,paper2_ewa; self_interest_fairness_judgment,true,defense_project\reference_materials\papers_originals\paper2_ewa\Epley2004.pdf,1
Kim2004,article,Removing the Shadow of Suspicion: The Effects of Apology Versus Denial for Repairing Competence- Versus Integrity-Based Trust Violations.,"Kim, Peter H.","Kim, Peter H.; Ferrin, Donald L.; Cooper, Cecily D.; Dirks, Kurt T.",2004,Journal of Applied Psychology,89,1,104--118,10.1037/0021-9010.89.1.104,,paper2_ewa,paper2_ewa; trust_repair,false,,1
Kruglanski2004,book,The Psychology of Closed Mindedness,"Kruglanski, Arie W.","Kruglanski, Arie W.",2004,Psychology Press,,,,10.4324/9780203506967,,newly_added_candidates,cognitive_closure; closed_mindedness; freezing,false,,0
LeeSee2004,article,Trust in Automation: Designing for Appropriate Reliance,"Lee, John D.","Lee, John D.; See, Katrina A.",2004,Human Factors,46,1,50--80,10.1518/hfes.46.1.50_30392,,algorithms_trust_hci,trust_in_automation; appropriate_reliance; trust_calibration; paper2_ewa; trust_calibration_foundations,false,,7
MezulisEtAl2004,article,"Is There a Universal Positivity Bias in Attributions? A Meta-Analytic Review of Individual, Developmental, and Cultural Differences in the Self-Serving Attributional Bias","Mezulis, Amy H.","Mezulis, Amy H.; Abramson, Lyn Y.; Hyde, Janet S.; Hankin, Benjamin L.",2004,Psychological Bulletin,130,5,711--747,10.1037/0033-2909.130.5.711,,self_serving_attribution,self_serving_attribution; positivity_bias; meta_analysis,false,,0
AdomaviciusTuzhilin2005,article,Toward the Next Generation of Recommender Systems: A Survey of the State-of-the-Art and Possible Extensions,"Adomavicius, Gediminas","Adomavicius, Gediminas; Tuzhilin, Alexander",2005,IEEE Transactions on Knowledge and Data Engineering,17,6,734--749,10.1109/TKDE.2005.99,,recommender_genai,recommender_systems_survey; next_generation_recommender,false,,2
Brunnermeier2005,article,Optimal Expectations,"Brunnermeier, Markus K","Brunnermeier, Markus K; Parker, Jonathan A",2005,American Economic Review,95,4,1092--1118,10.1257/0002828054825493,,paper2_ewa,paper2_ewa; motivated_beliefs,true,defense_project\reference_materials\papers_originals\paper2_ewa\Brunnermeier2005.pdf,1
BonaccioDalal2006,article,"Advice Taking and Decision-Making: An Integrative Literature Review, and Implications for the Organizational Sciences","Bonaccio, Silvia","Bonaccio, Silvia; Dalal, Reeshad S.",2006,Organizational Behavior and Human Decision Processes,101,2,127--151,10.1016/j.obhdp.2006.06.001,,advice_taking,advice_taking; review; advice_utilization; advisor_expertise,false,,0
EpleyWaytzCacioppo2007,article,On Seeing Human: A Three-Factor Theory of Anthropomorphism,"Epley, Nicholas","Epley, Nicholas; Waytz, Adam; Cacioppo, John T.",2007,Psychological Review,114,4,864--886,10.1037/0033-295X.114.4.864,,algorithms_trust_hci,anthropomorphism; three_factor_theory; mind_attribution,false,,1
LarrickBursonSoll2007,article,Social Comparison and Confidence: When Thinking You're Better Than Average Predicts Overconfidence (And When It Does Not),"Larrick, Richard P.","Larrick, Richard P.; Burson, Katherine A.; Soll, Jack B.",2007,Organizational Behavior and Human Decision Processes,102,1,76--94,10.1016/j.obhdp.2006.10.002,,overconfidence_control,social_comparison; better_than_average_effect; overplacement,false,,0
LazerFriedman2007,article,The Network Structure of Exploration and Exploitation,"Lazer, David","Lazer, David; Friedman, Allan",2007,Administrative Science Quarterly,52,4,667--694,10.2189/asqu.52.4.667,,opinion_dynamics_abm,network_structure; exploration_exploitation; collective_learning,false,,0
Zollman2007,article,The Communication Structure of Epistemic Communities,"Zollman, Kevin J. S.","Zollman, Kevin J. S.",2007,Philosophy of Science,74,5,574--587,10.1086/525605,,opinion_dynamics_abm,epistemic_networks; communication_structure; scientific_consensus,false,,0
MooreHealy2008,article,The Trouble with Overconfidence,"Moore, Don A.","Moore, Don A.; Healy, Paul J.",2008,Psychological Review,115,2,502--517,10.1037/0033-295X.115.2.502,,overconfidence_control,overestimation; overplacement; overprecision; overconfidence,false,,0
ShepperdMaloneSweeny2008,article,Exploring Causes of the Self-Serving Bias,"Shepperd, James","Shepperd, James; Malone, Wendi; Sweeny, Kate",2008,Social and Personality Psychology Compass,2,2,895--908,10.1111/j.1751-9004.2008.00113.x,,self_serving_attribution,self_serving_bias; motivated_reasoning; self_enhancement,false,,0
SollLarrick2009,article,Strategies for Revising Judgment: How and How Well People Use Others' Opinions,"Soll, Jack B.","Soll, Jack B.; Larrick, Richard P.",2009,"Journal of Experimental Psychology: Learning, Memory, and Cognition",35,3,780--805,10.1037/a0015145,,advice_taking,judgment_revision; advice_weighting; averaging_vs_choosing; wisdom_of_crowds,false,,0
GolubJackson2010,article,"Na{\""i}ve Learning in Social Networks and the Wisdom of Crowds","Golub, Benjamin","Golub, Benjamin; Jackson, Matthew O.",2010,American Economic Journal: Microeconomics,2,1,112--149,10.1257/mic.2.1.112,,opinion_dynamics_abm,social_learning; wisdom_of_crowds; network_influence,true,,0
Waytz2010,article,Who Sees Human? The Stability and Importance of Individual Differences in Anthropomorphism,"Waytz, Adam","Waytz, Adam; Cacioppo, John; Epley, Nicholas",2010,Perspectives on Psychological Science,5,3,219--232,10.1177/1745691610369336,,algorithms_trust_hci,anthropomorphism; individual_differences,false,,1
KamenicaGentzkow2011,article,Bayesian Persuasion,"Kamenica, Emir","Kamenica, Emir; Gentzkow, Matthew",2011,American Economic Review,101,6,2590--2615,10.1257/aer.101.6.2590,,foundational_theory,bayesian_persuasion; information_design; signal_structure,false,,2
LorenzRauhutSchweitzerHelbing2011,article,How Social Influence Can Undermine the Wisdom of Crowd Effect,"Lorenz, Jan","Lorenz, Jan; Rauhut, Heiko; Schweitzer, Frank; Helbing, Dirk",2011,Proceedings of the National Academy of Sciences,108,22,9020--9025,10.1073/pnas.1008636108,,collective_intelligence_homogeneity,social_influence; wisdom_of_crowds; opinion_diversity,false,,0
Bozdag2013,article,Bias in Algorithmic Filtering and Personalization,"Bozdag, Engin","Bozdag, Engin",2013,Ethics and Information Technology,15,3,209--227,10.1007/s10676-013-9321-6,,recommender_genai,algorithmic_bias; filter_bubble; personalization_ethics,false,,2
BakshyMessingAdamic2015,article,Exposure to Ideologically Diverse News and Opinion on Facebook,"Bakshy, Eytan","Bakshy, Eytan; Messing, Solomon; Adamic, Lada A.",2015,Science,348,6239,1130--1132,10.1126/science.aaa1160,,newly_added_candidates,exposure_diverse_news; facebook; ideological_diversity,false,,0
CaplinDean2015,article,"Revealed Preference, Rational Inattention, and Costly Information Acquisition","Caplin, Andrew","Caplin, Andrew; Dean, Mark",2015,American Economic Review,105,7,2183--2203,10.1257/aer.20140117,,information_acquisition,rational_inattention; costly_information_acquisition; revealed_preference,false,,2
Dietvorst2015,article,Algorithm Aversion: People Erroneously Avoid Algorithms after Seeing Them Err,"Dietvorst, Berkeley J.","Dietvorst, Berkeley J.; Simmons, Joseph P.; Massey, Cade",2015,Journal of Experimental Psychology: General,144,1,114--126,10.1037/xge0000033,,algorithms_trust_hci,algorithm_aversion; algorithm_error; forecast_algorithm; paper2_ewa; algorithm_aversion_appreciation,true,defense_project\reference_materials\papers_originals\paper2_ewa\Dietvorst2015.pdf,6
Hoff2015,article,Trust in Automation,"Hoff, Kevin Anthony","Hoff, Kevin Anthony; Bashir, Masooda",2015,Human Factors: The Journal of the Human Factors and Ergonomics Society,57,3,407--434,10.1177/0018720814547570,,paper2_ewa,paper2_ewa; trust_calibration_foundations,false,,4
AlonsoCamara2016,article,Bayesian Persuasion with Heterogeneous Priors,"Alonso, Ricardo","Alonso, Ricardo; C{\^a}mara, Odilon",2016,Journal of Economic Theory,165,,672--706,10.1016/j.jet.2016.08.006,,newly_added_candidates,bayesian_persuasion; heterogeneous_priors,false,,0
Benabou2016,article,"Mindful Economics: The Production, Consumption, and Value of Beliefs","Bénabou, Roland","Bénabou, Roland; Tirole, Jean",2016,Journal of Economic Perspectives,30,3,141--164,10.1257/jep.30.3.141,,paper2_ewa,paper2_ewa; motivated_beliefs,false,,3
Epley2016,article,The Mechanics of Motivated Reasoning,"Epley, Nicholas","Epley, Nicholas; Gilovich, Thomas",2016,Journal of Economic Perspectives,30,3,133--140,10.1257/jep.30.3.133,,paper2_ewa,paper2_ewa; motivated_beliefs,false,,4
Schaefer2016,article,A Meta-Analysis of Factors Influencing the Development of Trust in Automation,"Schaefer, Kristin E.","Schaefer, Kristin E.; Chen, Jessie Y. C.; Szalma, James L.; Hancock, P. A.",2016,Human Factors: The Journal of the Human Factors and Ergonomics Society,58,3,377--400,10.1177/0018720816634228,,paper2_ewa,paper2_ewa; trust_calibration_foundations,false,,2
SteffelWilliamsPerrmannGraham2016,article,Passing the Buck: Delegating Choices to Others to Avoid Responsibility and Blame,"Steffel, Mary","Steffel, Mary; Williams, Elanor F.; Perrmann-Graham, Julie",2016,Organizational Behavior and Human Decision Processes,135,,32--44,10.1016/j.obhdp.2016.04.006,,accountability_delegation,,false,,0
HallFrinkBuckley2017,article,An Accountability Account: A Review and Synthesis of the Theoretical and Empirical Research on Felt Accountability,"Hall, Allison T.","Hall, Allison T.; Frink, Dwight D.; Buckley, M. Ronald",2017,Journal of Organizational Behavior,38,,204--224,10.1002/job.2052,,accountability_delegation,,false,,0
PrahlVanSwol2017,article,Understanding Algorithm Aversion: When Is Advice from Automation Discounted?,"Prahl, Andrew","Prahl, Andrew; Van Swol, Lyn M.",2017,Journal of Forecasting,36,6,691--702,10.1002/for.2496,,algorithm_aversion,algorithm_aversion; advice_discounting; perceived_similarity,true,,0
PuringtonEtAl2017,inproceedings,"{``Alexa Is My New BFF''}: Social Roles, User Satisfaction, and Personification of the Amazon Echo","Purington, Amanda","Purington, Amanda; Taft, Jessie G.; Sannon, Shruti; Bazarova, Natalya N.; Taylor, Samuel H.",2017,Proceedings of the 2017 CHI Conference Extended Abstracts on Human Factors in Computing Systems,,,2853--2859,10.1145/3027063.3053246,,algorithms_trust_hci,Alexa; smart_speaker; personification; social_roles,false,,0
Vaswani2017,inproceedings,Attention Is All You Need,"Vaswani, Ashish","Vaswani, Ashish; Shazeer, Noam; Parmar, Niki; Uszkoreit, Jakob; Jones, Llion; Gomez, Aidan N.; Kaiser, Lukasz; Polosukhin, Illia",2017,Advances in Neural Information Processing Systems 30,,,5998--6008,,,recommender_genai,transformer; attention_mechanism; self_supervised_learning,true,,2
Dietvorst2018,article,Overcoming Algorithm Aversion: People Will Use Imperfect Algorithms If They Can (Even Slightly) Modify Them,"Dietvorst, Berkeley J.","Dietvorst, Berkeley J.; Simmons, Joseph P.; Massey, Cade",2018,Management Science,64,3,1155--1170,10.1287/mnsc.2016.2643,,paper2_ewa,paper2_ewa; algorithm_aversion_appreciation,true,defense_project\reference_materials\papers_originals\paper2_ewa\Dietvorst2018.pdf,5
AleksovskaSchillemansGrimmelikhuijsen2019,article,Lessons from Five Decades of Experimental and Behavioral Research on Accountability: A Systematic Literature Review,"Aleksovska, Marija","Aleksovska, Marija; Schillemans, Taco; Grimmelikhuijsen, Stephan",2019,Journal of Behavioral Public Administration,2,2,1--18,10.30636/jbpa.22.66,,accountability_delegation,,false,,0
Anderson2019,article,Evidence for the Feedback Role of Performance Measurement Systems,"Anderson, Shannon W.","Anderson, Shannon W.; Kimball, Amanda",2019,Management Science,65,9,4385--4406,10.1287/mnsc.2018.3129,,paper2_ewa,paper2_ewa; feedback_performance_incentives,true,defense_project\reference_materials\papers_originals\paper2_ewa\Anderson2019.pdf,2
Benjamin2019,incollection,Errors in Probabilistic Reasoning and Judgment Biases,"Benjamin, Daniel J.","Benjamin, Daniel J.",2019,Handbook of Behavioral Economics: Applications and Foundations 1,2,,69--186,10.1016/bs.hesbe.2018.11.002,,newly_added_candidates,probabilistic_reasoning_errors; judgment_biases; behavioral_econ_review,false,,0
BergemannMorris2019,article,Information Design: A Unified Perspective,"Bergemann, Dirk","Bergemann, Dirk; Morris, Stephen",2019,Journal of Economic Literature,57,1,44--95,10.1257/jel.20181489,,foundational_theory,information_design; unified_framework; posterior_beliefs,false,,2
CasteloBosLehmann2019,article,Task-Dependent Algorithm Aversion,"Castelo, Noah","Castelo, Noah; Bos, Maarten W.; Lehmann, Donald R.",2019,Journal of Marketing Research,56,5,809--825,10.1177/0022243719851788,,newly_added_candidates,task_dependent_algorithm_aversion; subjective_vs_objective_tasks,false,,0
DworczakMartini2019,article,The Simple Economics of Optimal Persuasion,"Dworczak, Piotr","Dworczak, Piotr; Martini, Giorgio",2019,Journal of Political Economy,127,5,1993--2048,10.1086/701813,,newly_added_candidates,optimal_persuasion; simple_economics,false,,0
EnkeZimmermann2019,article,Correlation Neglect in Belief Formation,"Enke, Benjamin","Enke, Benjamin; Zimmermann, Florian",2019,The Review of Economic Studies,86,1,313--332,10.1093/restud/rdx081,,information_acquisition,correlation_neglect; belief_formation; subjective_beliefs,false,,1
Gabaix2019,incollection,Behavioral Inattention,"Gabaix, Xavier","Gabaix, Xavier",2019,Handbook of Behavioral Economics: Applications and Foundations 1,2,,261--343,10.1016/bs.hesbe.2018.11.001,,newly_added_candidates,behavioral_inattention; inattention_models,false,,0
KirchkampStrobel2019,article,Sharing Responsibility with a Machine,"Kirchkamp, Oliver","Kirchkamp, Oliver; Strobel, Christoph",2019,Journal of Behavioral and Experimental Economics,80,,25--33,10.1016/j.socec.2019.02.010,,accountability_delegation,,false,,0
Logg2019,article,Algorithm Appreciation: People Prefer Algorithmic to Human Judgment,"Logg, Jennifer M.","Logg, Jennifer M.; Minson, Julia A.; Moore, Don A.",2019,Organizational Behavior and Human Decision Processes,151,,90--103,10.1016/j.obhdp.2018.12.005,,algorithms_trust_hci,algorithm_appreciation; algorithmic_judgment; AI_advice; paper2_ewa; algorithm_aversion_appreciation,true,defense_project\reference_materials\papers_originals\paper2_ewa\Logg2019.pdf,4
LongoniBonezziMorewedge2019,article,Resistance to Medical Artificial Intelligence,"Longoni, Chiara","Longoni, Chiara; Bonezzi, Andrea; Morewedge, Carey K.",2019,Journal of Consumer Research,46,4,629--650,10.1093/jcr/ucz013,,algorithm_aversion,AI_resistance; medical_AI; uniqueness_neglect,false,,0
Luo2019,article,Frontiers: Machines vs. Humans: The Impact of Artificial Intelligence Chatbot Disclosure on Customer Purchases,"Luo, Xueming","Luo, Xueming; Tong, Siliang; Fang, Zheng; Qu, Zhe",2019,Marketing Science,,,,10.1287/mksc.2019.1192,,paper2_ewa,paper2_ewa; disclosure_governance,false,,1
PerraRocha2019,article,Modelling Opinion Dynamics in the Age of Algorithmic Personalisation,"Perra, Nicola","Perra, Nicola; Rocha, Luis E. C.",2019,Scientific Reports,9,1,7261,10.1038/s41598-019-43830-2,,opinion_dynamics_abm,opinion_dynamics; algorithmic_personalisation; echo_chambers; binary_opinion; agent_based_model,true,,0
ShresthaBenMenahemVonKrogh2019,article,Organizational Decision-Making Structures in the Age of Artificial Intelligence,"Shrestha, Yash Raj","Shrestha, Yash Raj; Ben-Menahem, Shiko M.; von Krogh, Georg",2019,California Management Review,61,4,66--83,10.1177/0008125619862257,,accountability_delegation,,false,,0
Brown2020,inproceedings,Language Models are Few-Shot Learners,"Brown, Tom B.","Brown, Tom B.; Mann, Benjamin; Ryder, Nick; Subbiah, Melanie; Kaplan, Jared; Dhariwal, Prafulla; Neelakantan, Arvind; Shyam, Pranav; Sastry, Girish; Askell, Amanda; Agarwal, Sandhini; Herbert-Voss, Ariel; Krueger, Gretchen; Henighan, Tom; Child, Rewon; Ramesh, Aditya; Ziegler, Daniel M.; Wu, Jeffrey; Winter, Clemens; Hesse, Christopher; Chen, Mark; Sigler, Eric; Litwin, Mateusz; Gray, Scott; Chess, Benjamin; Clark, Jack; Berner, Christopher; McCandlish, Sam; Radford, Alec; Sutskever, Ilya; Amodei, Dario",2020,Advances in Neural Information Processing Systems 33,,,1877--1901,,,recommender_genai,few_shot_learning; GPT_3; language_model; in_context_learning,true,,2
GrimmEtAl2020ODD,article,"The ODD Protocol for Describing Agent-Based and Other Simulation Models: A Second Update to Improve Clarity, Replication, and Structural Realism","Grimm, Volker","Grimm, Volker; Railsback, Steven F.; Vincenot, Christian E.; Berger, Uta; Gallagher, Cara; DeAngelis, Donald L.; Edmonds, Bruce; Ge, Jiaqi; Giske, Jarl; Groeneveld, J{\""u}rgen; Johnston, Alice S. A.; Milles, Alexander; Nabe-Nielsen, Jacob; Polhill, J. Gareth; Radchuk, Viktoriia; Rohw{\""a}der, Marie-Sophie; Stillman, Richard A.; Thiele, Jan C.; Ayll{\'o}n, Daniel",2020,Journal of Artificial Societies and Social Simulation,23,2,7,10.18564/jasss.4259,,simulation_validation,ODD_protocol; ABM_reporting; replication,true,,0
GuzmanLewis2020,article,Artificial Intelligence and Communication: A Human--Machine Communication Research Agenda,"Guzman, Andrea L.","Guzman, Andrea L.; Lewis, Seth C.",2020,New Media \& Society,22,1,70--86,10.1177/1461444819858691,,newly_added_candidates,human_machine_communication; AI_communication_agenda,false,,0
Jiao2020,article,Payoff-Based Belief Distortion,"Jiao, Peiran","Jiao, Peiran",2020,The Economic Journal,130,629,1416--1444,10.1093/ej/ueaa019,,paper2_ewa,paper2_ewa; motivated_beliefs,false,,4
deClippelZhang2020,unpublished,Non-Bayesian Persuasion,"de Clippel, Geoffroy","de Clippel, Geoffroy; Zhang, Xu",2020,,,,,,,foundational_theory,,false,,1
deVisser2020,article,Towards a Theory of Longitudinal Trust Calibration in Human–Robot Teams,"de Visser, Ewart J.","de Visser, Ewart J.; Peeters, Marieke M. M.; Jung, Malte F.; Kohn, Spencer; Shaw, Tyler H.; Pak, Richard; Neerincx, Mark A.",2020,International Journal of Social Robotics,12,2,459--478,10.1007/s12369-019-00596-x,,paper2_ewa,paper2_ewa; trust_calibration_foundations,false,,2
Bender2021,inproceedings,On the Dangers of Stochastic Parrots: Can Language Models Be Too Big?,"Bender, Emily M.","Bender, Emily M.; Gebru, Timnit; McMillan-Major, Angelina; Shmitchell, Shmargaret",2021,"Proceedings of the 2021 ACM Conference on Fairness, Accountability, and Transparency",,,610--623,10.1145/3442188.3445922,,algorithms_trust_hci,stochastic_parrots; language_model_limits; linguistic_form_vs_meaning,true,,2
BommasaniEtAl2021,misc,On the Opportunities and Risks of Foundation Models,"Bommasani, Rishi","Bommasani, Rishi; Hudson, Drew A.; Adeli, Ehsan; Altman, Russ; Arora, Simran; von Arx, Sydney; Bernstein, Michael S.; Bohg, Jeannette; Bosselut, Antoine; Brunskill, Emma; Liang, Percy",2021,,,,,,2108.07258,recommender_genai,foundation_models; transfer_learning; emergence; homogenization,true,,0
Draws2021,incollection,Disparate Impact Diminishes Consumer Trust Even for Advantaged Users,"Draws, Tim","Draws, Tim; Szlávik, Zoltán; Timmermans, Benjamin; Tintarev, Nava; Varshney, Kush R.; Hind, Michael",2021,Lecture Notes in Computer Science,,,135--149,10.1007/978-3-030-79460-6_11,,paper2_ewa,paper2_ewa; self_interest_fairness_judgment,true,defense_project\reference_materials\papers_originals\paper2_ewa\Draws2021.pdf,1
FugenerGrahlGuptaKetter2021,article,Will Humans-in-the-Loop Become Borgs? Merits and Pitfalls of Working with AI,"F{\""u}gener, Andreas","F{\""u}gener, Andreas; Grahl, J{\""o}rn; Gupta, Alok; Ketter, Wolfgang",2021,MIS Quarterly,45,3,1527--1556,10.25300/MISQ/2021/16553,,collective_intelligence_homogeneity,human_AI_collaboration; wisdom_of_crowds; information_homogeneity; personalized_advice,true,,0
Hancock2021,article,Evolving Trust in Robots: Specification Through Sequential and Comparative Meta-Analyses,"Hancock, P. A.","Hancock, P. A.; Kessler, Theresa T.; Kaplan, Alexandra D.; Brill, John C.; Szalma, James L.",2021,Human Factors: The Journal of the Human Factors and Ergonomics Society,63,7,1196--1229,10.1177/0018720820922080,,paper2_ewa,paper2_ewa; trust_calibration_foundations,false,,2
KleinbergRaghavan2021,article,Algorithmic Monoculture and Social Welfare,"Kleinberg, Jon","Kleinberg, Jon; Raghavan, Manish",2021,Proceedings of the National Academy of Sciences,118,22,e2018340118,10.1073/pnas.2018340118,,collective_intelligence_homogeneity,algorithmic_monoculture; social_welfare; correlated_decisions,false,,0
PescetelliRutherfordRahwan2021,article,Modularity and Composite Diversity Affect the Collective Gathering of Information Online,"Pescetelli, Niccol{\`o}","Pescetelli, Niccol{\`o}; Rutherford, Alex; Rahwan, Iyad",2021,Nature Communications,12,1,3195,10.1038/s41467-021-23424-1,,collective_intelligence_homogeneity,network_modularity; information_gathering; collective_diversity,true,,0
RaischKrakowski2021,article,Artificial Intelligence and Management: The Automation--Augmentation Paradox,"Raisch, Sebastian","Raisch, Sebastian; Krakowski, Sebastian",2021,Academy of Management Review,46,1,192--210,10.5465/amr.2018.0072,,accountability_delegation,,false,,0
VodrahalliEtAl2021,article,Do Humans Trust Advice More if It Comes from AI? An Analysis of Human-AI Interactions,"Vodrahalli, Kailas","Vodrahalli, Kailas; Daneshjou, Roxana; Gerstenberg, Tobias; Zou, James",2021,,,,,,2107.07015,algorithms_trust_hci,human_AI_advice; activation_integration_model; AI_advice_use,true,,0
BommasaniCreelKumarEtAl2022,inproceedings,Picking on the Same Person: Does Algorithmic Monoculture Lead to Outcome Homogenization?,"Bommasani, Rishi","Bommasani, Rishi; Creel, Kathleen A.; Kumar, Ananya; Jurafsky, Dan; Liang, Percy",2022,Advances in Neural Information Processing Systems 35,,,3663--3678,10.52202/068431-0265,,collective_intelligence_homogeneity,algorithmic_monoculture; outcome_homogenization; systemic_risk,true,,0
Ouyang2022,inproceedings,Training Language Models to Follow Instructions with Human Feedback,"Ouyang, Long","Ouyang, Long; Wu, Jeffrey; Jiang, Xu; Almeida, Diogo; Wainwright, Carroll; Mishkin, Pamela; Zhang, Chong; Agarwal, Sandhini; Slama, Katarina; Ray, Alex; Schulman, John; Hilton, Jacob; Kelton, Fraser; Miller, Luke; Simens, Maddie; Askell, Amanda; Welinder, Peter; Christiano, Paul; Leike, Jan; Lowe, Ryan",2022,Advances in Neural Information Processing Systems 35,,,27730--27744,,,recommender_genai,RLHF; instruction_tuning; InstructGPT,true,,2
Wischnewski2022,incollection,Can AI Reduce Motivated Reasoning in News Consumption? Investigating the Role of Attitudes Towards AI and Prior-Opinion in Shaping Trust Perceptions of News,"Wischnewski, Magdalena","Wischnewski, Magdalena; Krämer, Nicole",2022,Frontiers in Artificial Intelligence and Applications,,,,10.3233/FAIA220198,,paper2_ewa,paper2_ewa; motivated_beliefs,false,,1
deClippelZhang2022,article,Non-Bayesian Persuasion,"de Clippel, Geoffroy","de Clippel, Geoffroy; Zhang, Xu",2022,Journal of Political Economy,130,10,2594--2642,10.1086/720464,,foundational_theory,non_bayesian_persuasion; distortion_function; signal_design,false,,1
ArgyleEtAl2023,article,"Out of One, Many: Using Language Models to Simulate Human Samples","Argyle, Lisa P.","Argyle, Lisa P.; Busby, Ethan C.; Fulda, Nancy; Gubler, Joshua R.; Rytting, Christopher; Wingate, David",2023,Political Analysis,31,3,337--351,10.1017/pan.2023.2,,llm_social_simulation,silicon_sampling; synthetic_populations; LLM_simulation,true,,0
JiEtAl2023,article,Survey of Hallucination in Natural Language Generation,"Ji, Ziwei","Ji, Ziwei; Lee, Nayeon; Frieske, Rita; Yu, Tiezheng; Su, Dan; Xu, Yan; Ishii, Etsuko; Bang, Yejin; Chen, Danqi; Dai, Wenliang",2023,ACM Computing Surveys,55,12,1--38,10.1145/3571730,,recommender_genai,hallucination; NLG_survey; factuality,false,,0
Kaplan2023,article,Trust in Artificial Intelligence: Meta-Analytic Findings,"Kaplan, Alexandra D.","Kaplan, Alexandra D.; Kessler, Theresa T.; Brill, J. Christopher; Hancock, P. A.",2023,Human Factors: The Journal of the Human Factors and Ergonomics Society,65,2,337--359,10.1177/00187208211013988,,paper2_ewa,paper2_ewa; trust_calibration_foundations,false,,4
KiddBirhane2023,article,How AI Can Distort Human Beliefs,"Kidd, Celeste","Kidd, Celeste; Birhane, Abeba",2023,Science,380,6651,1222--1223,10.1126/science.adi0248,,newly_added_candidates,AI_distort_beliefs; Science_commentary,false,,0
Kreps2023,article,Exploring the artificial intelligence “Trust paradox”: Evidence from a survey experiment in the United States,"Kreps, Sarah","Kreps, Sarah; George, Julie; Lushenko, Paul; Rao, Adi",2023,PLOS ONE,18,7,e0288109,10.1371/journal.pone.0288109,,paper2_ewa,paper2_ewa; trust_use_separation,true,defense_project\reference_materials\papers_originals\paper2_ewa\Kreps2023.pdf,1
NyhanEtAl2023,article,Like-Minded Sources on Facebook Are Prevalent but Not Polarizing,"Nyhan, Brendan","Nyhan, Brendan; Settle, Jaime; Thorson, Emily; Wojcieszak, Magdalena; Barber{\'a}, Pablo; Chen, Annie Y.; Allcott, Hunt; Brown, Taylor; Crespo-Tenorio, Adriana; Dimmery, Drew; Freelon, Deen; Gentzkow, Matthew; Gonz{\'a}lez-Bail{\'o}n, Sandra; Guess, Andrew M.; Kennedy, Edward; Kim, Young Mie; Lazer, David; Malhotra, Neil; Moehler, Devra; Pan, Jennifer; Thomas, Daniel Robert; Tromble, Rebekah; Rivera, Carlos Velasco; Wilkins, Arjun; Xiong, Beixian; de Jonge, Chad Kiewiet; Franco, Annie; Mason, Winter; Stroud, Natalie Jomini; Tucker, Joshua A.",2023,Nature,620,7972,137--144,10.1038/s41586-023-06297-w,,collective_intelligence_homogeneity,echo_chambers; like_minded_exposure; beliefs_and_attitudes; political_polarization; field_experiment,true,,0
ParkEtAl2023GenerativeAgents,inproceedings,Generative Agents: Interactive Simulacra of Human Behavior,"Park, Joon Sung","Park, Joon Sung; O'Brien, Joseph; Cai, Carrie Jun; Morris, Meredith Ringel; Liang, Percy; Bernstein, Michael S.",2023,Proceedings of the 36th Annual ACM Symposium on User Interface Software and Technology,,,1--22,10.1145/3586183.3606763,,llm_social_simulation,generative_agents; memory_reflection_planning; social_simulation,true,,0
VezhnevetsEtAl2023Concordia,article,"Generative Agent-Based Modeling with Actions Grounded in Physical, Social, or Digital Space Using Concordia","Vezhnevets, Alexander Sasha","Vezhnevets, Alexander Sasha; Agapiou, John P.; Aharon, Avia; Ziv, Ron; Matyas, Jayd; Du{\'e}{\~n}ez-Guzm{\'a}n, Edgar A.; Cunningham, William A.; Osindero, Simon; Karmon, Danny; Leibo, Joel Z.",2023,arXiv preprint arXiv:2312.03664,,,,,2312.03664,llm_social_simulation,generative_ABM; LLM_agents; simulation_framework,true,,0
AndersonShahKreminski2024,inproceedings,Homogenization Effects of Large Language Models on Human Creative Ideation,"Anderson, Barrett R.","Anderson, Barrett R.; Shah, Jash Hemant; Kreminski, Max",2024,Proceedings of the 16th Conference on Creativity \& Cognition,,,413--425,10.1145/3635636.3656204,,collective_intelligence_homogeneity,LLM_ideation; creative_homogenization; human_AI_experiment,true,,0
BisbeeEtAl2024,article,Synthetic Replacements for Human Survey Data? The Perils of Large Language Models,"Bisbee, James","Bisbee, James; Clinton, Joshua D.; Dorff, Cassy; Kenkel, Brenton; Larson, Jennifer M.",2024,Political Analysis,32,4,401--416,10.1017/pan.2024.5,,simulation_validation,synthetic_survey_data; validation; bias,true,,0
BurtonEtAl2024,article,How Large Language Models Can Reshape Collective Intelligence,"Burton, Jason W.","Burton, Jason W.; Lopez-Lopez, Ezequiel; Hechtlinger, Shahar; Rahwan, Zoe; Aeschbach, Samuel; Bakker, Michiel A.; Becker, Joshua A.; Berditchevskaia, Aleks; Berger, Julian; Brinkmann, Levin; Flek, Lucie; Herzog, Stefan M.; Huang, Saffron; Kapoor, Sayash; Narayanan, Arvind; Nussberger, Anne-Marie; Yasseri, Taha; Nickl, Pietro; Almaatouq, Abdullah; Hahn, Ulrike; Kurvers, Ralf H. J. M.; Leavy, Susan; Rahwan, Iyad; Siddarth, Divya; Siu, Alice; Woolley, Anita W.; Wulff, Dirk U.; Hertwig, Ralph",2024,Nature Human Behaviour,8,9,1643--1655,10.1038/s41562-024-01959-9,,collective_intelligence_homogeneity,collective_intelligence; LLM_review; human_AI_systems,false,,0
ChevrierTeixeira2024,techreport,Algorithm Delegation and Responsibility: Shifting Blame to the Programmer?,"Chevrier, Marie","Chevrier, Marie; Teixeira, Vasco",2024,,,2024-04,,,,accountability_delegation,,false,,0
ChuangEtAl2024,inproceedings,Simulating Opinion Dynamics with Networks of LLM-Based Agents,"Chuang, Yun-Shiuan","Chuang, Yun-Shiuan; Goyal, Agam; Harlalka, Nikunj; Suresh, Siddharth; Hawkins, Robert; Yang, Sijia; Shah, Dhavan; Hu, Junjie; Rogers, Timothy",2024,Findings of the Association for Computational Linguistics: NAACL 2024,,,3326--3346,10.18653/v1/2024.findings-naacl.211,,llm_social_simulation,LLM_agents; opinion_dynamics; network_simulation,true,,0
DoshiHauser2024,article,Generative AI Enhances Individual Creativity but Reduces the Collective Diversity of Novel Content,"Doshi, Anil R.","Doshi, Anil R.; Hauser, Oliver P.",2024,Science Advances,10,28,eadn5290,10.1126/sciadv.adn5290,,collective_intelligence_homogeneity,generative_AI; individual_creativity; collective_diversity,true,,0
GrimEtAl2024Juries,article,The Epistemic Role of Diversity in Juries: An Agent-Based Model,"Grim, Patrick","Grim, Patrick; Singer, Daniel J.; Bramson, Aaron; Holman, Bennett; Jung, Jiin; Berger, William J.",2024,Journal of Artificial Societies and Social Simulation,27,1,12,10.18564/jasss.5304,,opinion_dynamics_abm,epistemic_diversity; jury_ABM; collective_judgment,true,,0
HicksHumphriesSlater2024,article,ChatGPT Is Bullshit,"Hicks, Michael Townsen","Hicks, Michael Townsen; Humphries, James; Slater, Joe",2024,Ethics and Information Technology,26,2,38,10.1007/s10676-024-09775-5,,recommender_genai,ChatGPT; bullshit; AI_truthfulness; philosophy_of_AI,true,,0
Klingbeil2024,article,Trust and reliance on AI — An experimental study on the extent and costs of overreliance on AI,"Klingbeil, Artur","Klingbeil, Artur; Grützner, Cassandra; Schreck, Philipp",2024,Computers in Human Behavior,160,,108352,10.1016/j.chb.2024.108352,,paper2_ewa,paper2_ewa; untrustworthy_ai_reliance,false,,2
LiuEtAl2024FakeNews,inproceedings,From Skepticism to Acceptance: Simulating the Attitude Dynamics toward Fake News,"Liu, Yuhan","Liu, Yuhan; Chen, Xiuying; Zhang, Xiaoqing; Gao, Xing; Zhang, Ji; Yan, Rui",2024,Proceedings of the Thirty-Third International Joint Conference on Artificial Intelligence,,,7886--7894,,,llm_social_simulation,fake_news; attitude_dynamics; LLM_agents,true,,0
Mckenna2024,article,A Meta-Analysis of Vulnerability and Trust in Human–Robot Interaction,"Mckenna, Peter E.","Mckenna, Peter E.; Ahmad, Muneeb I.; Maisva, Tafadzwa; Nesset, Birthe; Lohan, Katrin; Hastie, Helen",2024,ACM Transactions on Human-Robot Interaction,13,3,1--25,10.1145/3658897,,paper2_ewa,paper2_ewa; trust_calibration_foundations,false,,2
Mehrotra2024,article,"A Systematic Review on Fostering Appropriate Trust in Human-AI Interaction: Trends, Opportunities and Challenges","Mehrotra, Siddharth","Mehrotra, Siddharth; Degachi, Chadha; Vereschak, Oleksandra; Jonker, Catholijn M.; Tielman, Myrthe L.",2024,ACM Journal on Responsible Computing,1,4,1--45,10.1145/3696449,,paper2_ewa,paper2_ewa; trust_calibration_foundations,false,,5
Pareek2024,inproceedings,Trust Development and Repair in AI-Assisted Decision-Making during Complementary Expertise,"Pareek, Saumya","Pareek, Saumya; Velloso, Eduardo; Goncalves, Jorge",2024,The 2024 ACM Conference on Fairness Accountability and Transparency,,,546--561,10.1145/3630106.3658924,,paper2_ewa,paper2_ewa; trust_repair,false,,1
ParkEtAl2024SelfReports,article,"Generative Agent Simulations of 1,000 People","Park, Joon Sung","Park, Joon Sung; Zou, Carolyn Q.; Kamphorst, Jonne; Egan, Niles; Shaw, Aaron; Hill, Benjamin Mako; Cai, Carrie; Morris, Meredith Ringel; Liang, Percy; Willer, Robb; Bernstein, Michael S.",2024,arXiv preprint arXiv:2411.10109,,,,,2411.10109,llm_social_simulation,generative_agents; survey_grounding; behavioral_simulation,true,,0
Shanahan2024,article,Talking about Large Language Models,"Shanahan, Murray","Shanahan, Murray",2024,Communications of the ACM,67,2,68--79,10.1145/3624724,,recommender_genai,LLM_reasoning; anthropomorphism; LLM_dialogue,true,,0
TesslerEtAl2024CommonGround,article,AI Can Help Humans Find Common Ground in Democratic Deliberation,"Tessler, Michael Henry","Tessler, Michael Henry; Bakker, Michiel A.; Jarrett, Daniel; Sheahan, Hannah; Chadwick, Martin J.; Koster, Raphael; Evans, Georgina; Campbell-Gillingham, Lucy; Collins, Tantum; Parkes, David C.; Botvinick, Matthew; Summerfield, Christopher",2024,Science,386,6719,eadq2852,10.1126/science.adq2852,,collective_intelligence_homogeneity,AI_mediation; democratic_deliberation; opinion_convergence; minority_voice,false,,0
Vaccaro2024,article,When combinations of humans and AI are useful: A systematic review and meta-analysis,"Vaccaro, Michelle","Vaccaro, Michelle; Almaatouq, Abdullah; Malone, Thomas",2024,Nature Human Behaviour,8,12,2293--2303,10.1038/s41562-024-02024-1,,paper2_ewa,paper2_ewa; human_algorithm_collaboration,false,,2
AshkinazeEtAl2025,inproceedings,"How AI Ideas Affect the Creativity, Diversity, and Evolution of Human Ideas: Evidence from a Large, Dynamic Experiment","Ashkinaze, Joshua","Ashkinaze, Joshua; Mendelsohn, Julia; Li, Qiwei; Budak, Ceren; Gilbert, Eric",2025,Proceedings of the ACM Collective Intelligence Conference,,,198--213,10.1145/3715928.3737481,,collective_intelligence_homogeneity,AI_exposure; idea_diversity; dynamic_experiment; counterevidence,true,,0
BaiVoelkelMuldowneyEtAl2025,article,LLM-Generated Messages Can Persuade Humans on Policy Issues,"Bai, Hui","Bai, Hui; Voelkel, Jan G.; Muldowney, Shane; Eichstaedt, Johannes C.; Willer, Robb",2025,Nature Communications,16,1,6037,10.1038/s41467-025-61345-5,,collective_intelligence_homogeneity,LLM_persuasion; policy_attitudes; political_communication,true,,0
FisherEtAl2025PoliticalDecision,inproceedings,Biased LLMs Can Influence Political Decision-Making,"Fisher, Jillian","Fisher, Jillian; Feng, Shangbin; Aron, Robert; Richardson, Thomas; Choi, Yejin; Fisher, Daniel W.; Pan, Jennifer; Tsvetkov, Yulia; Reinecke, Katharina",2025,Proceedings of the 63rd Annual Meeting of the Association for Computational Linguistics (Volume 1: Long Papers),,,6559--6607,10.18653/v1/2025.acl-long.328,,collective_intelligence_homogeneity,partisan_bias; LLM_persuasion; political_decision_making; interactive_experiment,false,,0
HuqClaggettShirado2025,article,AI-Mediated Communication Reshapes Social Structure in Opinion-Diverse Groups,"Huq, Faria","Huq, Faria; Claggett, Elijah L.; Shirado, Hirokazu",2025,arXiv preprint arXiv:2510.21984,,,,10.48550/arXiv.2510.21984,2510.21984,collective_intelligence_homogeneity,AI_mediated_communication; political_discussion; group_segregation; relational_assistance,false,,0
JiangEtAl2025ArtificialHivemind,inproceedings,Artificial Hivemind: The Open-Ended Homogeneity of Language Models,"Jiang, Liwei","Jiang, Liwei; Chai, Yuanjun; Li, Margaret; Liu, Mickel; Fok, Raymond; Dziri, Nouha; Tsvetkov, Yulia; Sap, Maarten; Albalak, Alon; Choi, Yejin",2025,Advances in Neural Information Processing Systems,,,,,2510.22954,collective_intelligence_homogeneity,LLM_homogeneity; open_ended_generation; model_correlation,true,,0
KimGargPengGarg2025,inproceedings,Correlated Errors in Large Language Models,"Kim, Elliot","Kim, Elliot; Garg, Avi; Peng, Kenny; Garg, Nikhil",2025,Proceedings of the 42nd International Conference on Machine Learning,267,,30038--30066,,,collective_intelligence_homogeneity,correlated_errors; LLM_ecosystem; model_diversity,true,,0
Kobis2025,article,Delegation to artificial intelligence can increase dishonest behaviour,"Köbis, Nils","Köbis, Nils; Rahwan, Zoe; Rilla, Raluca; Supriyatno, Bramantyo Ibrahim; Bersch, Clara; Ajaj, Tamer; Bonnefon, Jean-François; Rahwan, Iyad",2025,Nature,646,8083,126--134,10.1038/s41586-025-09505-x,,paper2_ewa,paper2_ewa; ai_delegation_responsibility,false,,2
KobisBonnefonRahwan2025,article,Delegation to Artificial Intelligence Can Increase Dishonest Behaviour,"K{\""o}bis, Nils","K{\""o}bis, Nils; Bonnefon, Jean-Fran{\c{c}}ois; Rahwan, Iyad",2025,Nature,,,,,,accountability_delegation,,false,,0
LinEtAl2025PersuadingVoters,article,Persuading Voters Using Human--Artificial Intelligence Dialogues,"Lin, Hause","Lin, Hause; Czarnek, Gabriela; Lewis, Benjamin; White, Joshua P.; Berinsky, Adam J.; Costello, Thomas; Pennycook, Gordon; Rand, David G.",2025,Nature,648,8093,394--401,10.1038/s41586-025-09771-9,,collective_intelligence_homogeneity,political_persuasion; voter_attitudes; human_AI_dialogue; factual_accuracy,false,,0
Miazek2025,article,When AI is fairer than humans: The role of egocentrism in moral and fairness judgments of AI and human decisions,"Miazek, Katarzyna","Miazek, Katarzyna; Bocian, Konrad",2025,Computers in Human Behavior Reports,19,,100719,10.1016/j.chbr.2025.100719,,paper2_ewa,paper2_ewa; self_interest_fairness_judgment,false,,1
NudoEtAl2025,article,"Generative Exaggeration in LLM Social Agents: Consistency, Bias, and Toxicity","Nudo, Jacopo","Nudo, Jacopo; Pandolfo, Mario Edoardo; Loru, Edoardo; Samory, Mattia; Cinelli, Matteo; Quattrociocchi, Walter",2025,arXiv preprint arXiv:2507.00657,,,,,2507.00657,simulation_validation,generative_exaggeration; persona_consistency; toxicity,true,,0
PiaoEtAl2025AgentSociety,article,AgentSociety: Large-Scale Simulation of LLM-Driven Generative Agents Advances Understanding of Human Behaviors and Society,"Piao, Jinghua","Piao, Jinghua; Yan, Yuwei; Zhang, Jun; Li, Nian; Yan, Junbo; Lan, Xiaochong; Lu, Zhihong; Zheng, Zhiheng; Wang, Jing Yi; Zhou, Di; Gao, Chen; Xu, Fengli; Zhang, Fang; Rong, Ke; Su, Jun; Li, Yong",2025,arXiv preprint arXiv:2502.08691,,,,,2502.08691,llm_social_simulation,large_scale_simulation; LLM_agents; social_behavior,true,,0
SalviEtAl2025ConversationalPersuasion,article,On the Conversational Persuasiveness of GPT-4,"Salvi, Francesco","Salvi, Francesco; Horta Ribeiro, Manoel; Gallotti, Riccardo; West, Robert",2025,Nature Human Behaviour,9,8,1645--1653,10.1038/s41562-025-02194-6,,collective_intelligence_homogeneity,personalized_persuasion; GPT_4; political_debate; attitude_change,false,,0
TangEtAl2025GenSim,inproceedings,GenSim: A General Social Simulation Platform with Large Language Model Based Agents,"Tang, Jiakai","Tang, Jiakai; Gao, Heyang; Pan, Xuchen; Wang, Lei; Tan, Haoran; Gao, Dawei; Chen, Yushuo; Chen, Xu; Lin, Yankai; Li, Yaliang; Ding, Bolin; Zhou, Jingren; Wang, Jun; Wen, Ji-Rong",2025,Proceedings of the 2025 Conference of the Nations of the Americas Chapter of the Association for Computational Linguistics: Human Language Technologies (System Demonstrations),,,143--150,10.18653/v1/2025.naacl-demo.15,,llm_social_simulation,LLM_agent_platform; social_simulation; infrastructure,true,,0
WangMorgensternDickerson2025,article,Large Language Models That Replace Human Participants Can Harmfully Misportray and Flatten Identity Groups,"Wang, Angelina","Wang, Angelina; Morgenstern, Jamie; Dickerson, John P.",2025,Nature Machine Intelligence,7,3,400--411,10.1038/s42256-025-00986-z,,simulation_validation,identity_flattening; synthetic_participants; representational_harm,true,,0
WingerterStraubSchweitzer2025,article,Mitigating Automation Bias in Generative AI Through Nudges: A Cognitive Reflection Test Study,"Wingerter, Tim Lewis","Wingerter, Tim Lewis; Straub, Tim; Schweitzer, Sascha",2025,Procedia Computer Science,270,,2106--2114,10.1016/j.procs.2025.09.331,,recommender_genai,automation_bias; AI_nudges; cognitive_reflection,false,,0
YinNgiamTanTeo2025,article,Designing AI-Based Work Processes: How the Timing of AI Advice Affects Diagnostic Decision Making,"Yin, Jiamin","Yin, Jiamin; Ngiam, Kee Yuan; Tan, Shawn S.-L.; Teo, Hock Hai",2025,Management Science,71,11,9361--9383,10.1287/mnsc.2022.01454,,accountability_delegation,paper2_ewa; human_algorithm_collaboration,false,,1
ZhangEtAl2025SocioVerse,article,SocioVerse: A World Model for Social Simulation Powered by Large Language Model Agents and a Pool of 10 Million Real-World Users,"Zhang, Xinnong","Zhang, Xinnong; Lin, Jiayu; Mou, Xinyi; Yang, Shiyue; Liu, Xiawei; Sun, Libo; Lyu, Hanjia; Yang, Yihang; Qi, Weihong; Chen, Yue; Li, Guanying; Yan, Ling; Hu, Yao; Chen, Siming; Wang, Yu; Huang, Xuanjing; Luo, Jiebo; Tang, Shiping; Wu, Libo; Zhou, Baohua; Wei, Zhongyu",2025,arXiv preprint arXiv:2504.10157,,,,,2504.10157,llm_social_simulation,world_model; large_scale_agents; population_simulation,true,,0
Balakrishnan2026,article,Human-Algorithm Collaboration with Private Information: Naïve Advice-Weighting Behavior and Mitigation,"Balakrishnan, Maya","Balakrishnan, Maya; Ferreira, Kris Johnson; Tong, Jordan",2026,Management Science,72,1,265--284,10.1287/mnsc.2022.03850,,paper2_ewa,paper2_ewa; human_algorithm_collaboration,false,,1
Bockstedt2026,article,Humans’ Use of AI Assistance: The Effect of Loss Aversion on Willingness to Delegate Decisions,"Bockstedt, Jesse C.","Bockstedt, Jesse C.; Buckman, Joseph R.",2026,Management Science,72,1,323--342,10.1287/mnsc.2024.05585,,paper2_ewa,paper2_ewa; human_algorithm_collaboration,false,,1
Caro2026,article,Introduction to the Special Issue on the Human-Algorithm Connection,"Caro, Felipe","Caro, Felipe; Colliard, Jean-Edouard; Katok, Elena; Ockenfels, Axel; Stier-Moses, Nicolas; Tucker, Catherine; Wu, D. J.",2026,Management Science,72,1,1--13,10.1287/mnsc.2023.intro.v72.n1,,paper2_ewa,paper2_ewa; human_algorithm_collaboration,false,,1
Cheng2026,article,Sycophantic AI decreases prosocial intentions and promotes dependence,"Cheng, Myra","Cheng, Myra; Lee, Cinoo; Khadpe, Pranav; Yu, Sunny; Han, Dyllan; Jurafsky, Dan",2026,Science,391,6792,,10.1126/science.aec8352,,paper2_ewa,paper2_ewa; untrustworthy_ai_reliance,false,,1
Choi2026,article,For Me or Against Me? Reactions to AI (vs. Human) Decisions That Are Favorable or Unfavorable to the Self and the Role of Fairness Perception,"Choi, Jungmin","Choi, Jungmin; Chao, Melody M.",2026,Personality and Social Psychology Bulletin,52,3,671--691,10.1177/01461672241288338,,paper2_ewa,paper2_ewa; self_interest_fairness_judgment,true,defense_project\reference_materials\papers_originals\paper2_ewa\Choi2026.pdf,1
Dargnies2026,article,"Aversion to Hiring Algorithms: Transparency, Gender Profiling, and Self-Confidence","Dargnies, Marie-Pierre","Dargnies, Marie-Pierre; Hakimov, Rustamdjan; Kübler, Dorothea",2026,Management Science,72,1,285--301,10.1287/mnsc.2022.02774,,paper2_ewa,paper2_ewa; human_algorithm_collaboration,false,,1
Everett2026,article,Principles for understanding trust in artificial intelligence,"Everett, Jim A. C.","Everett, Jim A. C.; Claessens, Scott; Knöchel, Tim-Dorian; Reinecke, Madeline G.",2026,Nature Reviews Psychology,5,6,388--401,10.1038/s44159-026-00562-1,,paper2_ewa,paper2_ewa; trust_calibration_foundations,false,,9
Greiner2026,article,"Incentives, Framing, and Reliance on Algorithmic Advice: An Experimental Study","Greiner, Ben","Greiner, Ben; Grünwald, Philipp; Lindner, Thomas; Lintner, Georg; Wiernsperger, Martin",2026,Management Science,72,1,302--322,10.1287/mnsc.2022.02777,,paper2_ewa,paper2_ewa; feedback_performance_incentives,false,,7
KrakowskiLugerRaisch2026,article,Human-Centered Artificial Intelligence: A Field Experiment,"Krakowski, Sebastian","Krakowski, Sebastian; Luger, Johannes; Raisch, Sebastian",2026,Management Science,72,1,57--72,10.1287/mnsc.2022.03849,,accountability_delegation,,false,,0
Landes2026,article,"People defer to AI moral advice, but not blindly","Landes, Ethan","Landes, Ethan; Francis, Kathryn B.; Everett, Jim A.C.",2026,Cognition,272,,106504,10.1016/j.cognition.2026.106504,,paper2_ewa,paper2_ewa; untrustworthy_ai_reliance,false,,1
Lu2026,article,Can Providing Algorithmic Performance Information Facilitate Humans’ Inventory Ordering Behaviors?,"Lu, Yingda","Lu, Yingda; Luo, Xueming; Huang, Liqiang; Wang, Danni",2026,Information Systems Research,37,1,1--19,10.1287/isre.2022.0621,,paper2_ewa,paper2_ewa; performance_information_transparency,false,,1
NeumannDeArteagaFazelpour2026,inproceedings,Should You Use LLMs to Simulate Opinions? Quality Checks for Early-Stage Deliberation,"Neumann, Terrence","Neumann, Terrence; De-Arteaga, Maria; Fazelpour, Sina",2026,Proceedings of the AAAI Conference on Artificial Intelligence,40,46,39070--39079,10.1609/aaai.v40i46.41254,,simulation_validation,opinion_simulation; quality_checks; deliberation,true,,0
QiPan2026,article,Epistemic and Ethical Limits of Large Language Models in Evidence-Based Medicine: From Knowledge to Judgment,"Qi, Wenxiu","Qi, Wenxiu; Pan, Longfei",2026,Frontiers in Digital Health,7,,1706383,10.3389/fdgth.2025.1706383,,narrative_epistemic,LLM_evidence_based_medicine; epistemic_limits; LLM_judgment,true,,2
Schanke2026,article,Digital Lyrebirds: Experimental Evidence That Voice-Based Deep Fakes Influence Trust,"Schanke, Scott","Schanke, Scott; Burtch, Gordon; Ray, Gautam",2026,Management Science,72,1,386--405,10.1287/mnsc.2022.03316,,paper2_ewa,paper2_ewa; disclosure_governance,false,,1
WoodruffHewitt2026,article,Epistemic Agency in the Age of Large Language Models: Design Principles for Knowledge-Building AI,"Woodruff, Earl","Woodruff, Earl; Hewitt, Jim",2026,AI,7,3,99,10.3390/ai7030099,,narrative_epistemic,epistemic_agency; LLM_design_principles; knowledge_building_AI,false,,2
Xu2026,article,Shifting accountability to artificial intelligence: delegating challenging decisions to AI for responsibility avoidance,"Xu, Liying","Xu, Liying; Tian, Huanmeng; Zhang, Yuyan; Yu, Feng",2026,Journal of Business Research,215,,116313,10.1016/j.jbusres.2026.116313,,paper2_ewa,paper2_ewa; ai_delegation_responsibility,false,,1
Xu2026a,article,Identity Disclosure and Anthropomorphism in Voice Chatbot Design: A Field Experiment,"Xu, Yuqian","Xu, Yuqian; Dai, Hongyan; Yan, Wanfeng",2026,Management Science,72,1,223--241,10.1287/mnsc.2022.03833,,paper2_ewa,paper2_ewa; disclosure_governance,false,,1
Yang2026,article,"My Advisor, Her AI, and Me: Evidence from a Field Experiment on Human–AI Collaboration and Investment Decisions","Yang, Cathy (Liu)","Yang, Cathy (Liu); Bauer, Kevin; Li, Xitong; Hinz, Oliver",2026,Management Science,72,1,242--264,10.1287/mnsc.2022.03918,,paper2_ewa,paper2_ewa; human_algorithm_collaboration,false,,2
